,miRNA_name,miRNA_score,miRNA_label
0,hsa-mir-107,0.996742308139801,1.0
1,hsa-mir-206,0.9967331886291504,1.0
2,hsa-mir-1249,0.9965858459472656,1.0
3,hsa-mir-616,0.9964500665664673,1.0
4,hsa-mir-574,0.9964203834533691,1.0
5,hsa-mir-216b,0.996242880821228,1.0
6,hsa-mir-4644,0.9962369203567505,0.0
7,hsa-mir-27b,0.9962213039398193,1.0
8,hsa-mir-3144,0.9962098598480225,1.0
9,hsa-mir-203a,0.9961907863616943,1.0
10,hsa-mir-126,0.9961351156234741,1.0
11,hsa-mir-629,0.9961048364639282,1.0
12,hsa-mir-576,0.9960682392120361,1.0
13,hsa-mir-149,0.9960410594940186,1.0
14,hsa-mir-448,0.9959967136383057,1.0
15,hsa-mir-186,0.9959585070610046,1.0
16,hsa-let-7a-2,0.9959248304367065,1.0
17,hsa-mir-9-1,0.995907187461853,0.0
18,hsa-mir-33b,0.9959045052528381,1.0
19,hsa-mir-942,0.9958661794662476,1.0
20,hsa-mir-181c,0.9958581328392029,1.0
21,hsa-mir-182,0.9958423972129822,1.0
22,hsa-mir-150,0.9958407282829285,1.0
23,hsa-mir-1284,0.9958029389381409,0.0
24,hsa-mir-221,0.9957887530326843,1.0
25,hsa-mir-545,0.9957796335220337,0.0
26,hsa-mir-222,0.9957695007324219,1.0
27,hsa-mir-145,0.9957621693611145,1.0
28,hsa-mir-99a,0.9957306981086731,1.0
29,hsa-mir-30c-1,0.9957230091094971,1.0
30,hsa-mir-32,0.9957175850868225,1.0
31,hsa-mir-3619,0.9956841468811035,0.0
32,hsa-mir-567,0.9956837892532349,0.0
33,hsa-mir-30a,0.9956771731376648,1.0
34,hsa-mir-455,0.9956758618354797,1.0
35,hsa-mir-598,0.9956747889518738,0.0
36,hsa-mir-130a,0.9956501126289368,1.0
37,hsa-mir-302a,0.9956464171409607,0.0
38,hsa-mir-1276,0.9956262111663818,0.0
39,hsa-mir-1915,0.9956194758415222,0.0
40,hsa-mir-138-1,0.9955974221229553,1.0
41,hsa-mir-26a-1,0.9955617189407349,1.0
42,hsa-mir-346,0.9955607652664185,1.0
43,hsa-mir-200c,0.995559811592102,1.0
44,hsa-mir-26a-2,0.9955488443374634,1.0
45,hsa-mir-1301,0.9955450296401978,1.0
46,hsa-mir-99b,0.9955366849899292,1.0
47,hsa-mir-503,0.9955286383628845,1.0
48,hsa-mir-193a,0.9955254197120667,1.0
49,hsa-mir-16-1,0.9955173134803772,1.0
50,hsa-mir-181d,0.9955036044120789,1.0
51,hsa-mir-196a-2,0.9954960346221924,1.0
52,hsa-mir-191,0.9954906105995178,1.0
53,hsa-mir-148b,0.9954849481582642,1.0
54,hsa-mir-101-1,0.9954684972763062,1.0
55,hsa-mir-125b-1,0.9954073429107666,1.0
56,hsa-mir-1303,0.9953857064247131,1.0
57,hsa-mir-766,0.9953752160072327,0.0
58,hsa-mir-1229,0.9953529834747314,0.0
59,hsa-mir-148a,0.9953228831291199,1.0
60,hsa-mir-3677,0.995319664478302,0.0
61,hsa-let-7c,0.9953095316886902,1.0
62,hsa-mir-3909,0.9952972531318665,0.0
63,hsa-mir-98,0.9952898025512695,1.0
64,hsa-mir-1224,0.9952754974365234,1.0
65,hsa-mir-326,0.9952463507652283,1.0
66,hsa-mir-624,0.9952296018600464,0.0
67,hsa-mir-3648-2,0.9952096343040466,0.0
68,hsa-mir-188,0.9951634407043457,1.0
69,hsa-mir-194-1,0.9951466917991638,0.0
70,hsa-mir-941-1,0.9951110482215881,0.0
71,hsa-mir-3196,0.9950921535491943,0.0
72,hsa-mir-324,0.9950633645057678,1.0
73,hsa-mir-744,0.9949015378952026,1.0
74,hsa-mir-1268a,0.9948680400848389,0.0
75,hsa-mir-597,0.9948301911354065,0.0
76,hsa-mir-106b,0.9948128461837769,1.0
77,hsa-mir-378a,0.9947606921195984,1.0
78,hsa-mir-488,0.9946972131729126,0.0
79,hsa-mir-3671,0.9946828484535217,0.0
80,hsa-mir-297,0.994679868221283,0.0
81,hsa-mir-10b,0.9946469664573669,1.0
82,hsa-mir-1293,0.9946212768554688,0.0
83,hsa-mir-1237,0.9945881366729736,0.0
84,hsa-mir-3127,0.9945507645606995,1.0
85,hsa-mir-449c,0.9945250749588013,0.0
86,hsa-mir-638,0.9944827556610107,1.0
87,hsa-mir-100,0.9944633841514587,1.0
88,hsa-mir-4324,0.9944625496864319,0.0
89,hsa-mir-548j,0.9944559931755066,0.0
90,hsa-mir-4284,0.9944559931755066,0.0
91,hsa-mir-548q,0.9943867921829224,0.0
92,hsa-mir-663b,0.9943774342536926,0.0
93,hsa-mir-34b,0.9943708777427673,1.0
94,hsa-mir-520a,0.9943687319755554,1.0
95,hsa-mir-548ac,0.9943686127662659,0.0
96,hsa-mir-200b,0.9943422079086304,1.0
97,hsa-mir-218-1,0.9943385720252991,1.0
98,hsa-mir-140,0.9943267703056335,1.0
99,hsa-mir-15a,0.9943242073059082,1.0
100,hsa-mir-139,0.9943186640739441,1.0
101,hsa-mir-493,0.994284451007843,1.0
102,hsa-mir-33a,0.9942625164985657,1.0
103,hsa-mir-1913,0.9942557215690613,0.0
104,hsa-mir-4508,0.9942519664764404,0.0
105,hsa-mir-422a,0.9942407608032227,1.0
106,hsa-mir-342,0.9942210912704468,1.0
107,hsa-mir-4454,0.9942198991775513,0.0
108,hsa-mir-3679,0.9942120909690857,0.0
109,hsa-mir-3198-1,0.9941979646682739,0.0
110,hsa-mir-331,0.9941849112510681,1.0
111,hsa-mir-365b,0.9941799640655518,1.0
112,hsa-mir-4261,0.9941666126251221,0.0
113,hsa-mir-373,0.994166374206543,1.0
114,hsa-mir-601,0.9941568374633789,0.0
115,hsa-mir-141,0.9941552877426147,1.0
116,hsa-mir-328,0.9941521286964417,1.0
117,hsa-mir-4516,0.994117259979248,0.0
118,hsa-mir-181a-2,0.9941071271896362,1.0
119,hsa-mir-23b,0.9941059350967407,1.0
120,hsa-mir-1228,0.9940937161445618,1.0
121,hsa-mir-589,0.994091808795929,0.0
122,hsa-mir-30d,0.9940861463546753,1.0
123,hsa-mir-577,0.9940861463546753,0.0
124,hsa-mir-1296,0.9940847754478455,0.0
125,hsa-mir-204,0.9940817952156067,1.0
126,hsa-mir-1295a,0.9940685033798218,0.0
127,hsa-mir-573,0.9940630793571472,1.0
128,hsa-mir-31,0.9940623641014099,1.0
129,hsa-mir-3188,0.9940516352653503,0.0
130,hsa-mir-4286,0.99403977394104,0.0
131,hsa-mir-378c,0.9940395355224609,0.0
132,hsa-mir-1269a,0.994036078453064,1.0
133,hsa-mir-218-2,0.99402916431427,1.0
134,hsa-mir-26b,0.9940258264541626,1.0
135,hsa-mir-2116,0.9940251708030701,1.0
136,hsa-mir-215,0.9940137267112732,1.0
137,hsa-mir-641,0.9940119385719299,0.0
138,hsa-mir-618,0.9939947724342346,0.0
139,hsa-mir-101-2,0.9939699172973633,1.0
140,hsa-mir-642a,0.9939537644386292,0.0
141,hsa-mir-29a,0.9939507246017456,1.0
142,hsa-mir-548b,0.9939458966255188,0.0
143,hsa-mir-7845,0.9939137101173401,0.0
144,hsa-mir-605,0.9939110279083252,0.0
145,hsa-mir-548a-3,0.9938952326774597,0.0
146,hsa-mir-301b,0.9938948750495911,0.0
147,hsa-mir-1227,0.9938900470733643,0.0
148,hsa-mir-3065,0.9938817024230957,0.0
149,hsa-mir-138-2,0.9938801527023315,1.0
150,hsa-let-7g,0.993878185749054,1.0
151,hsa-mir-548t,0.9938768744468689,0.0
152,hsa-mir-132,0.9938753247261047,1.0
153,hsa-mir-873,0.9938626289367676,0.0
154,hsa-mir-4488,0.9938596487045288,0.0
155,hsa-mir-185,0.993852972984314,1.0
156,hsa-mir-769,0.9938417673110962,0.0
157,hsa-mir-3682,0.9938276410102844,0.0
158,hsa-mir-593,0.9938269257545471,0.0
159,hsa-mir-30e,0.9938242435455322,1.0
160,hsa-mir-491,0.9938122034072876,1.0
161,hsa-mir-151b,0.9938097596168518,0.0
162,hsa-mir-128-1,0.9937865734100342,0.0
163,hsa-mir-3928,0.9937792420387268,0.0
164,hsa-mir-595,0.9937742948532104,1.0
165,hsa-mir-551b,0.9937578439712524,0.0
166,hsa-mir-1246,0.9937499165534973,1.0
167,hsa-mir-96,0.9937378168106079,1.0
168,hsa-mir-655,0.993726372718811,1.0
169,hsa-mir-625,0.9937195777893066,1.0
170,hsa-mir-30b,0.9937107563018799,1.0
171,hsa-mir-4257,0.9937039017677307,0.0
172,hsa-mir-183,0.993703305721283,1.0
173,hsa-mir-571,0.9936956763267517,1.0
174,hsa-mir-212,0.9936928749084473,1.0
175,hsa-mir-640,0.9936895370483398,0.0
176,hsa-mir-340,0.993683934211731,1.0
177,hsa-mir-367,0.9936761260032654,1.0
178,hsa-mir-937,0.9936611652374268,0.0
179,hsa-mir-3200,0.9936521053314209,0.0
180,hsa-mir-129-1,0.9936384558677673,1.0
181,hsa-mir-3147,0.9936362504959106,0.0
182,hsa-mir-193b,0.9936352968215942,1.0
183,hsa-mir-578,0.9936323761940002,0.0
184,hsa-mir-1225,0.9936217665672302,0.0
185,hsa-mir-153-1,0.9936118721961975,0.0
186,hsa-mir-615,0.9936113953590393,1.0
187,hsa-mir-181b-1,0.9936087131500244,1.0
188,hsa-mir-708,0.9936070442199707,1.0
189,hsa-mir-877,0.9936032891273499,1.0
190,hsa-mir-3117,0.9936028122901917,1.0
191,hsa-mir-181a-1,0.9936019778251648,0.0
192,hsa-mir-502,0.9935882091522217,1.0
193,hsa-mir-3149,0.9935848116874695,0.0
194,hsa-mir-664a,0.9935697317123413,0.0
195,hsa-mir-483,0.9935684204101562,1.0
196,hsa-mir-454,0.9935635328292847,0.0
197,hsa-mir-345,0.9935632944107056,1.0
198,hsa-mir-874,0.993557870388031,0.0
199,hsa-mir-370,0.9935494065284729,1.0
200,hsa-mir-187,0.9935480952262878,1.0
201,hsa-mir-3663,0.9935418367385864,0.0
202,hsa-mir-645,0.9935411214828491,0.0
203,hsa-mir-1285-2,0.9935378432273865,0.0
204,hsa-mir-760,0.9935243129730225,1.0
205,hsa-mir-381,0.993517279624939,1.0
206,hsa-mir-513b,0.9935139417648315,0.0
207,hsa-mir-504,0.9934953451156616,0.0
208,hsa-mir-1238,0.9934898614883423,0.0
209,hsa-mir-3178,0.9934878349304199,1.0
210,hsa-mir-532,0.9934841990470886,1.0
211,hsa-mir-3201,0.9934773445129395,0.0
212,hsa-mir-424,0.9934757351875305,1.0
213,hsa-mir-411,0.9934670329093933,1.0
214,hsa-mir-1290,0.9934657216072083,1.0
215,hsa-mir-590,0.9934622049331665,1.0
216,hsa-mir-1-1,0.9934359788894653,1.0
217,hsa-mir-301a,0.9934279322624207,1.0
218,hsa-mir-152,0.9934253692626953,1.0
219,hsa-mir-652,0.9934218525886536,0.0
220,hsa-mir-128-2,0.993415117263794,1.0
221,hsa-mir-3177,0.9933779835700989,0.0
222,hsa-mir-2909,0.9933710098266602,0.0
223,hsa-mir-2355,0.993366539478302,0.0
224,hsa-mir-623,0.9933596253395081,0.0
225,hsa-mir-505,0.9933304190635681,1.0
226,hsa-mir-425,0.9933270215988159,1.0
227,hsa-mir-3157,0.9933191537857056,0.0
228,hsa-mir-28,0.9933150410652161,1.0
229,hsa-mir-7-2,0.9933032393455505,1.0
230,hsa-let-7i,0.9932954907417297,1.0
231,hsa-mir-544b,0.9932852983474731,0.0
232,hsa-mir-302e,0.9932776093482971,0.0
233,hsa-mir-130b,0.9932758808135986,1.0
234,hsa-mir-15b,0.9932745695114136,1.0
235,hsa-mir-1226,0.9932569265365601,0.0
236,hsa-mir-1271,0.9932532906532288,1.0
237,hsa-mir-361,0.9932350516319275,1.0
238,hsa-mir-199a-1,0.9932328462600708,1.0
239,hsa-mir-661,0.9932235479354858,0.0
240,hsa-mir-6075,0.993220329284668,0.0
241,hsa-mir-3613,0.9932000041007996,0.0
242,hsa-mir-564,0.9931910634040833,0.0
243,hsa-mir-16-2,0.9931896328926086,1.0
244,hsa-mir-604,0.9931869506835938,1.0
245,hsa-mir-6864,0.9931841492652893,0.0
246,hsa-mir-4326,0.9931735396385193,0.0
247,hsa-mir-3138,0.9931678175926208,0.0
248,hsa-mir-4482,0.9931570887565613,0.0
249,hsa-mir-628,0.9931495785713196,0.0
250,hsa-mir-133b,0.9931420683860779,1.0
251,hsa-mir-4497,0.9931417107582092,0.0
252,hsa-mir-4764,0.9931393265724182,0.0
253,hsa-mir-362,0.993133544921875,1.0
254,hsa-mir-543,0.9931159615516663,0.0
255,hsa-mir-374a,0.993113100528717,1.0
256,hsa-mir-3688-1,0.9931083917617798,0.0
257,hsa-mir-582,0.9930931329727173,1.0
258,hsa-mir-660,0.9930896162986755,0.0
259,hsa-mir-1468,0.9930697083473206,1.0
260,hsa-mir-585,0.9930128455162048,0.0
261,hsa-mir-599,0.993010938167572,0.0
262,hsa-mir-93,0.9930108189582825,1.0
263,hsa-mir-105-1,0.9930103421211243,1.0
264,hsa-mir-501,0.9930069446563721,1.0
265,hsa-mir-613,0.9930039048194885,0.0
266,hsa-mir-449a,0.9930017590522766,1.0
267,hsa-mir-3182,0.9929672479629517,0.0
268,hsa-mir-184,0.9929510354995728,1.0
269,hsa-mir-765,0.9929412603378296,1.0
270,hsa-mir-3179-3,0.9929083585739136,0.0
271,hsa-mir-512-2,0.9929041266441345,1.0
272,hsa-mir-2278,0.9928929209709167,0.0
273,hsa-mir-941-3,0.9928669929504395,0.0
274,hsa-mir-1266,0.992865800857544,0.0
275,hsa-mir-95,0.9928602576255798,1.0
276,hsa-mir-2276,0.9928367733955383,0.0
277,hsa-mir-4786,0.9928197264671326,0.0
278,hsa-let-7f-2,0.9928014278411865,1.0
279,hsa-mir-1180,0.9927759170532227,1.0
280,hsa-mir-500a,0.9927703738212585,1.0
281,hsa-mir-450a-1,0.9927653670310974,1.0
282,hsa-mir-499a,0.9927442073822021,1.0
283,hsa-mir-602,0.9927082657814026,1.0
284,hsa-mir-496,0.9926977753639221,0.0
285,hsa-mir-133a-2,0.9926664233207703,0.0
286,hsa-mir-377,0.9926464557647705,1.0
287,hsa-mir-1179,0.9926367998123169,0.0
288,hsa-mir-3662,0.992595374584198,0.0
289,hsa-mir-3131,0.9925784468650818,1.0
290,hsa-mir-196a-1,0.9925698637962341,1.0
291,hsa-mir-3939,0.992557168006897,0.0
292,hsa-mir-555,0.9925469756126404,0.0
293,hsa-mir-1285-1,0.9924740195274353,0.0
294,hsa-mir-300,0.9924662709236145,0.0
295,hsa-mir-7154,0.9924301505088806,0.0
296,hsa-mir-325,0.9924039244651794,1.0
297,hsa-mir-4448,0.9924017190933228,0.0
298,hsa-mir-6083,0.9922903180122375,0.0
299,hsa-mir-596,0.992253839969635,0.0
300,hsa-mir-429,0.9922494888305664,1.0
301,hsa-mir-656,0.9922398328781128,0.0
302,hsa-mir-1297,0.9922381043434143,1.0
303,hsa-mir-6124,0.9922184944152832,0.0
304,hsa-mir-6724-1,0.9922106266021729,0.0
305,hsa-mir-6724-2,0.9922106266021729,0.0
306,hsa-mir-6724-4,0.9922106266021729,0.0
307,hsa-mir-6724-3,0.9922106266021729,0.0
308,hsa-mir-4717,0.9921914935112,0.0
309,hsa-mir-561,0.9921700358390808,0.0
310,hsa-mir-4269,0.9921633005142212,0.0
311,hsa-mir-548v,0.9921616911888123,0.0
312,hsa-mir-4512,0.9921287298202515,0.0
313,hsa-mir-6505,0.9921120405197144,0.0
314,hsa-mir-542,0.9921114444732666,1.0
315,hsa-mir-548h-1,0.9920624494552612,0.0
316,hsa-mir-1910,0.9920539855957031,0.0
317,hsa-mir-4504,0.9919431209564209,0.0
318,hsa-mir-384,0.9919161200523376,1.0
319,hsa-mir-6775,0.991859495639801,0.0
320,hsa-mir-210,0.9918286204338074,1.0
321,hsa-mir-4487,0.9917653203010559,0.0
322,hsa-mir-4306,0.9917430281639099,0.0
323,hsa-mir-549a,0.9917368292808533,0.0
324,hsa-mir-4768,0.991710364818573,0.0
325,hsa-mir-1305,0.9916995763778687,0.0
326,hsa-mir-583,0.9916913509368896,0.0
327,hsa-mir-548h-4,0.9916822910308838,0.0
328,hsa-mir-3148,0.9916702508926392,0.0
329,hsa-mir-5189,0.9916611909866333,0.0
330,hsa-mir-146b,0.9916514754295349,1.0
331,hsa-mir-3648-1,0.9916477203369141,0.0
332,hsa-mir-4693,0.9916182160377502,0.0
333,hsa-mir-2053,0.9916027188301086,0.0
334,hsa-mir-627,0.9915989637374878,0.0
335,hsa-mir-4803,0.9915989637374878,0.0
336,hsa-mir-3181,0.991531252861023,0.0
337,hsa-mir-6511a-3,0.9915173053741455,0.0
338,hsa-mir-1258,0.9915046095848083,0.0
339,hsa-mir-4322,0.9915014505386353,0.0
340,hsa-mir-3143,0.9914937019348145,0.0
341,hsa-mir-3175,0.9914870262145996,0.0
342,hsa-mir-4505,0.9914813041687012,0.0
343,hsa-mir-2467,0.9914637207984924,0.0
344,hsa-mir-4513,0.9914566874504089,0.0
345,hsa-mir-487a,0.9914563298225403,0.0
346,hsa-mir-718,0.9914351105690002,1.0
347,hsa-mir-3689a,0.9914263486862183,0.0
348,hsa-mir-659,0.9914156794548035,0.0
349,hsa-mir-4260,0.9914085268974304,0.0
350,hsa-mir-4420,0.9913894534111023,0.0
351,hsa-mir-6511b-2,0.9913851022720337,0.0
352,hsa-mir-548an,0.9913640022277832,0.0
353,hsa-mir-1343,0.9913204312324524,0.0
354,hsa-mir-3174,0.9913023710250854,0.0
355,hsa-mir-3929,0.9912973642349243,0.0
356,hsa-mir-544a,0.9912956953048706,0.0
357,hsa-mir-633,0.9912851452827454,0.0
358,hsa-mir-4780,0.9912837743759155,0.0
359,hsa-mir-4318,0.9912822246551514,0.0
360,hsa-mir-8084,0.991277813911438,0.0
361,hsa-mir-548ad,0.9912712574005127,0.0
362,hsa-mir-575,0.9912693500518799,0.0
363,hsa-mir-4716,0.9912693500518799,0.0
364,hsa-mir-135b,0.991240918636322,1.0
365,hsa-mir-380,0.9912223815917969,0.0
366,hsa-mir-4510,0.9912170171737671,0.0
367,hsa-mir-3941,0.9912099838256836,0.0
368,hsa-mir-3140,0.9911921620368958,0.0
369,hsa-mir-875,0.9911790490150452,0.0
370,hsa-mir-4295,0.9911553859710693,0.0
371,hsa-mir-4489,0.9911473393440247,0.0
372,hsa-mir-449b,0.9911439418792725,1.0
373,hsa-mir-5093,0.9911372661590576,0.0
374,hsa-mir-23c,0.9911262392997742,0.0
375,hsa-mir-4288,0.991111695766449,0.0
376,hsa-mir-3689d-2,0.9911099672317505,0.0
377,hsa-mir-3689f,0.9911066889762878,0.0
378,hsa-mir-518d,0.9911019802093506,0.0
379,hsa-mir-3179-1,0.991101086139679,0.0
380,hsa-mir-3179-2,0.991101086139679,0.0
381,hsa-mir-3935,0.9910996556282043,0.0
382,hsa-mir-3943,0.9910833835601807,0.0
383,hsa-mir-548p,0.9910825490951538,0.0
384,hsa-mir-548ax,0.9910649657249451,0.0
385,hsa-mir-129-2,0.9910535216331482,1.0
386,hsa-mir-4743,0.9910503625869751,0.0
387,hsa-mir-3689e,0.9910491704940796,0.0
388,hsa-mir-3660,0.9910296201705933,0.0
389,hsa-mir-654,0.9910269379615784,0.0
390,hsa-mir-3125,0.9910237789154053,0.0
391,hsa-mir-4690,0.9910112619400024,0.0
392,hsa-mir-548f-2,0.9910054206848145,0.0
393,hsa-mir-670,0.991001546382904,0.0
394,hsa-mir-3923,0.9909960627555847,0.0
395,hsa-mir-516b-1,0.9909915924072266,0.0
396,hsa-mir-4436b-1,0.990990400314331,0.0
397,hsa-mir-4436b-2,0.990990400314331,0.0
398,hsa-mir-4635,0.9909895062446594,0.0
399,hsa-mir-548a-1,0.9909749627113342,0.0
400,hsa-mir-8055,0.9909687638282776,0.0
401,hsa-mir-554,0.9909535646438599,0.0
402,hsa-mir-3689c,0.9909504652023315,0.0
403,hsa-mir-3689b,0.9909500479698181,0.0
404,hsa-mir-4465,0.990942656993866,0.0
405,hsa-mir-4469,0.9909364581108093,0.0
406,hsa-mir-518f,0.9909342527389526,0.0
407,hsa-mir-208a,0.9909301400184631,1.0
408,hsa-mir-4466,0.9909142255783081,0.0
409,hsa-mir-494,0.9909082651138306,1.0
410,hsa-mir-378d-1,0.9909003973007202,0.0
411,hsa-mir-487b,0.9909000396728516,0.0
412,hsa-mir-323b,0.9908979535102844,1.0
413,hsa-mir-1272,0.990896999835968,0.0
414,hsa-mir-4473,0.9908936023712158,0.0
415,hsa-mir-3139,0.9908932447433472,0.0
416,hsa-mir-134,0.9908918738365173,1.0
417,hsa-mir-1324,0.9908910393714905,0.0
418,hsa-mir-523,0.9908905625343323,0.0
419,hsa-mir-6807,0.9908809661865234,0.0
420,hsa-mir-6851,0.9908792972564697,0.0
421,hsa-mir-5004,0.9908782839775085,0.0
422,hsa-mir-521-2,0.9908639788627625,0.0
423,hsa-mir-382,0.9908616542816162,0.0
424,hsa-mir-4740,0.9908590912818909,0.0
425,hsa-mir-5010,0.9908584952354431,0.0
426,hsa-mir-3122,0.9908528923988342,0.0
427,hsa-mir-620,0.9908398985862732,0.0
428,hsa-mir-4736,0.9908361434936523,0.0
429,hsa-mir-211,0.9908331036567688,1.0
430,hsa-mir-5702,0.990830659866333,0.0
431,hsa-mir-4518,0.9908208250999451,0.0
432,hsa-mir-376c,0.9908182621002197,0.0
433,hsa-mir-572,0.990811824798584,0.0
434,hsa-mir-1256,0.9908073544502258,0.0
435,hsa-mir-4648,0.9908039569854736,0.0
436,hsa-mir-3163,0.9908007979393005,0.0
437,hsa-mir-124-2,0.9907964468002319,1.0
438,hsa-mir-4256,0.9907941222190857,0.0
439,hsa-mir-379,0.9907932877540588,1.0
440,hsa-mir-606,0.9907897710800171,0.0
441,hsa-mir-151a,0.9907832145690918,1.0
442,hsa-mir-519a-1,0.9907774925231934,0.0
443,hsa-mir-9-3,0.9907770156860352,0.0
444,hsa-mir-1283-1,0.9907643795013428,0.0
445,hsa-mir-409,0.9907592535018921,1.0
446,hsa-mir-516b-2,0.9907570481300354,0.0
447,hsa-mir-6859-4,0.9907557368278503,0.0
448,hsa-mir-6859-3,0.9907557368278503,0.0
449,hsa-mir-6859-2,0.9907557368278503,0.0
450,hsa-mir-8485,0.9907556176185608,0.0
451,hsa-mir-485,0.990754246711731,1.0
452,hsa-mir-519b,0.9907506108283997,0.0
453,hsa-mir-5689,0.9907475709915161,0.0
454,hsa-mir-526b,0.9907440543174744,1.0
455,hsa-mir-302f,0.9907426238059998,0.0
456,hsa-mir-610,0.9907386302947998,1.0
457,hsa-mir-3689d-1,0.9907378554344177,0.0
458,hsa-mir-548ba,0.9907378554344177,0.0
459,hsa-mir-375,0.9907374978065491,1.0
460,hsa-mir-7850,0.9907373785972595,0.0
461,hsa-mir-4319,0.9907316565513611,0.0
462,hsa-mir-6757,0.9907312989234924,0.0
463,hsa-mir-548a-2,0.9907259941101074,0.0
464,hsa-mir-376a-1,0.9907258152961731,1.0
465,hsa-mir-4291,0.9907247424125671,0.0
466,hsa-mir-4293,0.990724503993988,0.0
467,hsa-mir-378f,0.9907235503196716,0.0
468,hsa-mir-5586,0.9907217025756836,0.0
469,hsa-mir-1307,0.9907069206237793,0.0
470,hsa-mir-7852,0.9907054305076599,0.0
471,hsa-mir-520g,0.990702748298645,1.0
472,hsa-mir-588,0.9906948804855347,0.0
473,hsa-mir-665,0.9906908273696899,0.0
474,hsa-mir-1323,0.9906877875328064,0.0
475,hsa-mir-8074,0.9906862378120422,0.0
476,hsa-mir-758,0.9906843900680542,0.0
477,hsa-mir-376a-2,0.9906826019287109,1.0
478,hsa-mir-520b,0.9906790852546692,1.0
479,hsa-mir-4317,0.990678071975708,0.0
480,hsa-mir-4476,0.9906775951385498,0.0
481,hsa-mir-4646,0.9906773567199707,0.0
482,hsa-mir-519e,0.9906702041625977,1.0
483,hsa-mir-1205,0.9906693696975708,0.0
484,hsa-mir-1291,0.9906533360481262,0.0
485,hsa-mir-518e,0.9906513690948486,1.0
486,hsa-mir-299,0.9906458854675293,0.0
487,hsa-mir-498,0.9906424880027771,1.0
488,hsa-mir-200a,0.9906414151191711,1.0
489,hsa-mir-3171,0.9906398057937622,0.0
490,hsa-mir-4254,0.9906349778175354,0.0
491,hsa-mir-551a,0.990630567073822,0.0
492,hsa-mir-4530,0.9906303286552429,0.0
493,hsa-mir-495,0.9906303286552429,0.0
494,hsa-mir-889,0.9906253814697266,0.0
495,hsa-mir-548y,0.9906222224235535,0.0
496,hsa-mir-216a,0.99062180519104,1.0
497,hsa-mir-6832,0.9906208515167236,0.0
498,hsa-mir-517a,0.9906201362609863,1.0
499,hsa-mir-9500,0.9906172156333923,0.0
500,hsa-mir-5100,0.9906169772148132,0.0
501,hsa-mir-3161,0.9906076192855835,0.0
502,hsa-mir-302b,0.9905931353569031,1.0
503,hsa-mir-6749,0.9905900955200195,0.0
504,hsa-mir-516a-1,0.9905886650085449,0.0
505,hsa-mir-516a-2,0.9905883073806763,0.0
506,hsa-mir-4471,0.9905875325202942,0.0
507,hsa-mir-526a-1,0.9905744194984436,1.0
508,hsa-mir-6888,0.990574300289154,0.0
509,hsa-mir-383,0.9905710220336914,0.0
510,hsa-mir-217,0.9905679821968079,1.0
511,hsa-mir-6833,0.9905663132667542,0.0
512,hsa-mir-548i-2,0.9905625581741333,0.0
513,hsa-mir-1471,0.9905607104301453,0.0
514,hsa-mir-548l,0.990559995174408,1.0
515,hsa-mir-4447,0.9905548691749573,0.0
516,hsa-mir-515-2,0.9905547499656677,0.0
517,hsa-mir-515-1,0.9905547499656677,0.0
518,hsa-mir-4739,0.990551233291626,0.0
519,hsa-mir-369,0.990548312664032,1.0
520,hsa-mir-154,0.9905458688735962,1.0
521,hsa-mir-521-1,0.9905266761779785,0.0
522,hsa-mir-524,0.9905180335044861,0.0
523,hsa-mir-1275,0.9905140399932861,1.0
524,hsa-mir-466,0.9905135631561279,0.0
525,hsa-mir-6731,0.9905098080635071,0.0
526,hsa-mir-891a,0.9905053973197937,0.0
527,hsa-mir-329-2,0.9904996752738953,0.0
528,hsa-mir-541,0.9904966354370117,0.0
529,hsa-mir-6821,0.9904961585998535,0.0
530,hsa-mir-4521,0.9904959201812744,0.0
531,hsa-mir-329-1,0.9904937148094177,0.0
532,hsa-mir-522,0.9904870390892029,1.0
533,hsa-mir-208b,0.9904849529266357,1.0
534,hsa-mir-520c,0.9904848337173462,0.0
535,hsa-mir-3133,0.9904839992523193,0.0
536,hsa-mir-3657,0.9904823303222656,0.0
537,hsa-mir-4455,0.9904788732528687,0.0
538,hsa-mir-520f,0.9904776811599731,0.0
539,hsa-mir-323a,0.9904748797416687,0.0
540,hsa-mir-4496,0.9904693961143494,0.0
541,hsa-mir-1299,0.9904638528823853,1.0
542,hsa-mir-3154,0.9904634356498718,0.0
543,hsa-mir-378g,0.9904583692550659,0.0
544,hsa-mir-7974,0.9904574155807495,0.0
545,hsa-mir-103a-1,0.990454375743866,1.0
546,hsa-mir-519d,0.9904521703720093,1.0
547,hsa-mir-518c,0.9904515743255615,0.0
548,hsa-mir-944,0.9904459714889526,0.0
549,hsa-mir-190a,0.9904419183731079,1.0
550,hsa-mir-519c,0.9904403686523438,0.0
551,hsa-mir-518b,0.9904362559318542,1.0
552,hsa-mir-526a-2,0.9904340505599976,1.0
553,hsa-mir-181b-2,0.9904318451881409,1.0
554,hsa-mir-365a,0.990429699420929,1.0
555,hsa-mir-302d,0.9904284477233887,1.0
556,hsa-mir-539,0.9904243350028992,1.0
557,hsa-mir-6514,0.9904214143753052,0.0
558,hsa-mir-5685,0.9904212951660156,0.0
559,hsa-mir-6745,0.9904166460037231,0.0
560,hsa-mir-520h,0.9904111623764038,0.0
561,hsa-mir-4671,0.9904097318649292,0.0
562,hsa-mir-153-2,0.9904031753540039,0.0
563,hsa-mir-6859-1,0.9903951287269592,0.0
564,hsa-mir-489,0.9903900623321533,1.0
565,hsa-mir-1244-3,0.9903862476348877,0.0
566,hsa-mir-941-2,0.9903807044029236,0.0
567,hsa-mir-6766,0.9903784990310669,0.0
568,hsa-mir-562,0.9903772473335266,0.0
569,hsa-mir-8053,0.9903772473335266,0.0
570,hsa-mir-520e,0.9903748631477356,1.0
571,hsa-mir-412,0.990372896194458,0.0
572,hsa-mir-1250,0.9903717041015625,0.0
573,hsa-mir-6780b,0.9903678894042969,0.0
574,hsa-mir-6861,0.9903643727302551,0.0
575,hsa-mir-3972,0.9903607368469238,0.0
576,hsa-mir-938,0.9903596639633179,0.0
577,hsa-mir-3176,0.9903562068939209,0.0
578,hsa-mir-3651,0.990354061126709,0.0
579,hsa-mir-337,0.9903533458709717,0.0
580,hsa-mir-3691,0.990352213382721,0.0
581,hsa-mir-934,0.9903445839881897,0.0
582,hsa-mir-378h,0.9903435707092285,0.0
583,hsa-mir-4766,0.9903372526168823,0.0
584,hsa-mir-556,0.9903355836868286,0.0
585,hsa-mir-6777,0.9903333783149719,0.0
586,hsa-mir-5087,0.9903196096420288,0.0
587,hsa-mir-6753,0.9903098940849304,0.0
588,hsa-mir-6762,0.9903021454811096,0.0
589,hsa-mir-1264,0.9902993440628052,0.0
590,hsa-mir-518a-1,0.9902991056442261,0.0
591,hsa-mir-1972-1,0.9902946949005127,0.0
592,hsa-mir-511,0.9902861714363098,1.0
593,hsa-mir-4498,0.9902788996696472,0.0
594,hsa-mir-4501,0.9902698993682861,0.0
595,hsa-mir-619,0.990268349647522,0.0
596,hsa-mir-4323,0.9902616143226624,0.0
597,hsa-mir-376b,0.9902583360671997,0.0
598,hsa-mir-1202,0.9902526140213013,1.0
599,hsa-mir-4294,0.990247905254364,0.0
600,hsa-mir-3661,0.9902467727661133,0.0
601,hsa-mir-1281,0.990237295627594,0.0
602,hsa-mir-517c,0.9902338981628418,1.0
603,hsa-mir-7-3,0.9902290105819702,1.0
604,hsa-mir-6809,0.9902207851409912,0.0
605,hsa-mir-548aw,0.9902177453041077,0.0
606,hsa-mir-4281,0.9902133345603943,0.0
607,hsa-mir-199b,0.9902132153511047,1.0
608,hsa-mir-5009,0.9902101755142212,0.0
609,hsa-mir-1245a,0.9902050495147705,0.0
610,hsa-mir-1245b,0.9902050495147705,0.0
611,hsa-mir-6810,0.9901958107948303,0.0
612,hsa-mir-6747,0.9901900887489319,0.0
613,hsa-mir-6769a,0.9901864528656006,0.0
614,hsa-mir-520d,0.9901824593544006,1.0
615,hsa-mir-514a-2,0.9901769757270813,0.0
616,hsa-mir-514a-3,0.9901769757270813,0.0
617,hsa-mir-579,0.9901723861694336,0.0
618,hsa-mir-3162,0.9901643395423889,0.0
619,hsa-mir-892b,0.9901464581489563,0.0
620,hsa-mir-650,0.9901338219642639,1.0
621,hsa-mir-632,0.9901318550109863,0.0
622,hsa-mir-3925,0.9901267290115356,0.0
623,hsa-mir-1244-4,0.990126371383667,0.0
624,hsa-mir-3121,0.9901248216629028,0.0
625,hsa-mir-6858,0.9901189804077148,0.0
626,hsa-mir-5684,0.9901186227798462,0.0
627,hsa-mir-6746,0.9901144504547119,0.0
628,hsa-mir-518a-2,0.9901118874549866,0.0
629,hsa-mir-648,0.9901077747344971,0.0
630,hsa-mir-7152,0.9901006817817688,0.0
631,hsa-mir-592,0.9900844097137451,1.0
632,hsa-mir-509-2,0.9900795221328735,0.0
633,hsa-mir-634,0.9900741577148438,0.0
634,hsa-mir-4706,0.9900739192962646,0.0
635,hsa-mir-4429,0.99007248878479,0.0
636,hsa-mir-4266,0.9900646805763245,0.0
637,hsa-mir-5739,0.9900621175765991,0.0
638,hsa-mir-933,0.9900603294372559,0.0
639,hsa-mir-1827,0.9900578856468201,0.0
640,hsa-mir-378e,0.9900556802749634,0.0
641,hsa-mir-302c,0.9900549650192261,1.0
642,hsa-mir-885,0.9900522828102112,1.0
643,hsa-mir-569,0.9900462031364441,0.0
644,hsa-mir-6895,0.9900458455085754,0.0
645,hsa-mir-892a,0.9900452494621277,0.0
646,hsa-mir-1302-1,0.990044116973877,0.0
647,hsa-mir-668,0.9900438785552979,0.0
648,hsa-mir-5191,0.9900380373001099,0.0
649,hsa-mir-190b,0.990032970905304,1.0
650,hsa-mir-6855,0.9900319576263428,0.0
651,hsa-mir-527,0.9900302886962891,1.0
652,hsa-mir-6799,0.99003005027771,0.0
653,hsa-mir-6509,0.9900246858596802,0.0
654,hsa-mir-6880,0.9900229573249817,0.0
655,hsa-mir-4267,0.9900190830230713,0.0
656,hsa-mir-608,0.9900054335594177,1.0
657,hsa-mir-552,0.9899978041648865,0.0
658,hsa-mir-591,0.9899967908859253,0.0
659,hsa-mir-4537,0.9899886250495911,0.0
660,hsa-mir-1231,0.9899846315383911,1.0
661,hsa-mir-1288,0.9899791479110718,0.0
662,hsa-mir-510,0.989978551864624,0.0
663,hsa-mir-513a-1,0.9899783134460449,0.0
664,hsa-mir-410,0.9899747967720032,1.0
665,hsa-mir-4782,0.9899661540985107,0.0
666,hsa-mir-1278,0.9899641871452332,0.0
667,hsa-mir-4666a,0.9899612665176392,0.0
668,hsa-mir-4769,0.9899576306343079,0.0
669,hsa-mir-1976,0.989941418170929,0.0
670,hsa-mir-548o,0.9899319410324097,0.0
671,hsa-mir-5192,0.9899300932884216,0.0
672,hsa-mir-517b,0.9899284243583679,0.0
673,hsa-mir-6842,0.9899252653121948,0.0
674,hsa-mir-124-3,0.9899221062660217,1.0
675,hsa-mir-1298,0.9899218678474426,0.0
676,hsa-mir-6774,0.9899214506149292,0.0
677,hsa-mir-558,0.9899182915687561,0.0
678,hsa-mir-586,0.9899176955223083,0.0
679,hsa-mir-4423,0.9899023771286011,0.0
680,hsa-mir-4758,0.9899017810821533,0.0
681,hsa-mir-4770,0.9898957014083862,0.0
682,hsa-mir-3907,0.9898825287818909,0.0
683,hsa-mir-509-3,0.9898715615272522,0.0
684,hsa-mir-4526,0.9898624420166016,0.0
685,hsa-mir-761,0.9898591637611389,1.0
686,hsa-mir-4721,0.9898514747619629,0.0
687,hsa-mir-3169,0.9898486733436584,0.0
688,hsa-mir-626,0.9898480772972107,0.0
689,hsa-mir-4731,0.9898466467857361,0.0
690,hsa-mir-4478,0.9898425936698914,0.0
691,hsa-mir-509-1,0.9898419976234436,0.0
692,hsa-mir-888,0.9898415207862854,1.0
693,hsa-mir-5000,0.9898410439491272,0.0
694,hsa-mir-4727,0.9898333549499512,0.0
695,hsa-mir-513a-2,0.9898221492767334,0.0
696,hsa-mir-3134,0.9898219108581543,0.0
697,hsa-mir-506,0.9898189902305603,1.0
698,hsa-mir-4692,0.9898053407669067,0.0
699,hsa-mir-6776,0.9898013472557068,0.0
700,hsa-mir-4262,0.9897884130477905,0.0
701,hsa-mir-378j,0.9897841811180115,0.0
702,hsa-mir-6826,0.9897673726081848,0.0
703,hsa-mir-802,0.9897673726081848,0.0
704,hsa-mir-4634,0.9897599816322327,0.0
705,hsa-mir-4771-1,0.9897580146789551,0.0
706,hsa-mir-512-1,0.9897575378417969,1.0
707,hsa-mir-584,0.9897569417953491,0.0
708,hsa-mir-4480,0.9897508025169373,0.0
709,hsa-mir-4664,0.9897491335868835,0.0
710,hsa-mir-764,0.9897481203079224,1.0
711,hsa-mir-3186,0.9897301197052002,0.0
712,hsa-mir-4753,0.9897084832191467,0.0
713,hsa-mir-513c,0.9896935820579529,1.0
714,hsa-mir-507,0.9896920323371887,0.0
715,hsa-mir-4663,0.9896814227104187,0.0
716,hsa-mir-525,0.9896737337112427,1.0
717,hsa-mir-147a,0.9896635413169861,1.0
718,hsa-mir-550a-3,0.989652693271637,1.0
719,hsa-mir-557,0.9896507263183594,1.0
720,hsa-mir-1302-7,0.9896456003189087,0.0
721,hsa-mir-6894,0.9896436929702759,0.0
722,hsa-mir-1302-6,0.9896289706230164,0.0
723,hsa-mir-4795,0.989627480506897,0.0
724,hsa-mir-6090,0.9896144270896912,0.0
725,hsa-mir-514a-1,0.9896077513694763,0.0
726,hsa-mir-4637,0.9896064400672913,0.0
727,hsa-mir-657,0.989591658115387,1.0
728,hsa-mir-5579,0.989582896232605,0.0
729,hsa-mir-5692b,0.9895747303962708,0.0
730,hsa-mir-6838,0.9895608425140381,0.0
731,hsa-mir-581,0.9895588159561157,1.0
732,hsa-mir-1261,0.9895535707473755,0.0
733,hsa-mir-4652,0.9895486831665039,0.0
734,hsa-mir-603,0.9895439147949219,0.0
735,hsa-mir-4666b,0.989538848400116,0.0
736,hsa-mir-3976,0.9895346760749817,0.0
737,hsa-mir-4268,0.989525318145752,0.0
738,hsa-mir-6867,0.9895182251930237,0.0
739,hsa-mir-508,0.9895036220550537,1.0
740,hsa-mir-4538,0.9894956946372986,0.0
741,hsa-mir-1302-4,0.9894892573356628,0.0
742,hsa-mir-1197,0.9894802570343018,0.0
743,hsa-mir-4539,0.9894744157791138,0.0
744,hsa-mir-4534,0.989473283290863,0.0
745,hsa-mir-105-2,0.989469051361084,1.0
746,hsa-mir-548aq,0.9894580841064453,0.0
747,hsa-mir-4502,0.9894490242004395,0.0
748,hsa-mir-5693,0.9894422292709351,0.0
749,hsa-mir-767,0.9894251823425293,0.0
750,hsa-mir-3664,0.9894250631332397,1.0
751,hsa-mir-3646,0.9894182085990906,0.0
752,hsa-mir-676,0.9894144535064697,0.0
753,hsa-mir-3137,0.9893838763237,0.0
754,hsa-mir-887,0.9893664717674255,0.0
755,hsa-mir-4312,0.9893518090248108,0.0
756,hsa-mir-4730,0.9893290400505066,0.0
757,hsa-mir-548n,0.9893117547035217,0.0
758,hsa-mir-6772,0.9893045425415039,0.0
759,hsa-mir-4500,0.989296019077301,0.0
760,hsa-mir-4279,0.9892947673797607,0.0
761,hsa-mir-4296,0.9892846941947937,0.0
762,hsa-mir-3126,0.9892663955688477,1.0
763,hsa-mir-643,0.9892626404762268,0.0
764,hsa-mir-4290,0.9892483949661255,0.0
765,hsa-mir-7849,0.9892400503158569,0.0
766,hsa-mir-1269b,0.9892395734786987,0.0
767,hsa-mir-3915,0.9892276525497437,0.0
768,hsa-mir-450a-2,0.9892210960388184,1.0
769,hsa-mir-651,0.989219605922699,1.0
770,hsa-mir-3192,0.9892154335975647,0.0
771,hsa-mir-644a,0.9891870617866516,0.0
772,hsa-mir-6863,0.9891695380210876,0.0
773,hsa-mir-8076,0.9891684055328369,0.0
774,hsa-mir-4446,0.9891588091850281,0.0
775,hsa-mir-553,0.9891507625579834,0.0
776,hsa-mir-378b,0.9891476631164551,0.0
777,hsa-mir-1183,0.9891421794891357,0.0
778,hsa-mir-5187,0.9891363382339478,0.0
779,hsa-mir-6754,0.9891200065612793,0.0
780,hsa-mir-6865,0.9891091585159302,0.0
781,hsa-mir-4754,0.9891042709350586,0.0
782,hsa-mir-3170,0.9890946745872498,0.0
783,hsa-mir-6870,0.9890711307525635,0.0
784,hsa-mir-6886,0.9890033602714539,0.0
785,hsa-mir-5195,0.9889875054359436,0.0
786,hsa-mir-4639,0.9888781905174255,0.0
787,hsa-mir-3611,0.988848090171814,0.0
788,hsa-mir-559,0.9888437986373901,0.0
789,hsa-mir-4725,0.988834798336029,0.0
790,hsa-mir-646,0.988825261592865,1.0
791,hsa-mir-4470,0.9888225793838501,0.0
792,hsa-mir-3680-1,0.988760769367218,0.0
793,hsa-mir-450b,0.9887329339981079,1.0
794,hsa-mir-4793,0.9887121915817261,0.0
795,hsa-mir-3686,0.9886962175369263,0.0
796,hsa-mir-4728,0.9886741042137146,0.0
797,hsa-mir-6830,0.9886694550514221,0.0
798,hsa-mir-500b,0.9886507987976074,1.0
799,hsa-mir-3189,0.9886072278022766,0.0
800,hsa-mir-711,0.9885619878768921,0.0
801,hsa-mir-5692a-1,0.9885472059249878,0.0
802,hsa-mir-1233-2,0.9885262250900269,0.0
803,hsa-mir-1233-1,0.9885262250900269,0.0
804,hsa-mir-647,0.9885234236717224,0.0
805,hsa-mir-5696,0.9885204434394836,0.0
806,hsa-mir-4701,0.9884485602378845,0.0
807,hsa-mir-4686,0.988440752029419,0.0
808,hsa-mir-3685,0.9883849620819092,0.0
809,hsa-mir-941-4,0.9883680939674377,0.0
810,hsa-mir-1302-8,0.9883502721786499,0.0
811,hsa-mir-1262,0.9883439540863037,0.0
812,hsa-mir-4507,0.9882599115371704,0.0
813,hsa-mir-5695,0.9882450103759766,0.0
814,hsa-mir-25,0.9882420897483826,1.0
815,hsa-mir-5572,0.9879372715950012,0.0
816,hsa-mir-8069-2,0.9878266453742981,0.0
817,hsa-mir-8069-1,0.9878266453742981,0.0
818,hsa-mir-1302-5,0.9877979159355164,0.0
819,hsa-mir-4678,0.9877762794494629,0.0
820,hsa-mir-5692a-2,0.9877525568008423,0.0
821,hsa-mir-6082,0.9877318143844604,0.0
822,hsa-mir-3688-2,0.9876958131790161,0.0
823,hsa-mir-548o-2,0.987687885761261,0.0
824,hsa-mir-548ae-2,0.9876571893692017,0.0
825,hsa-mir-2054,0.9876551032066345,0.0
826,hsa-mir-5581,0.9876295328140259,0.0
827,hsa-mir-4643,0.9876194000244141,0.0
828,hsa-mir-3152,0.9876141548156738,0.0
829,hsa-mir-6841,0.9875883460044861,0.0
830,hsa-mir-6715b,0.9875768423080444,0.0
831,hsa-mir-6715a,0.9875768423080444,0.0
832,hsa-mir-4668,0.9875172972679138,0.0
833,hsa-mir-876,0.9874914884567261,0.0
834,hsa-mir-4464,0.9874904751777649,0.0
835,hsa-mir-2113,0.9874824285507202,0.0
836,hsa-mir-6507,0.9874823093414307,0.0
837,hsa-mir-7854,0.9874169826507568,0.0
838,hsa-mir-548h-5,0.9873982667922974,0.0
839,hsa-mir-548ar,0.9873965382575989,0.0
840,hsa-mir-4722,0.9873870015144348,0.0
841,hsa-mir-3145,0.987375020980835,0.0
842,hsa-mir-1243,0.9873718023300171,0.0
843,hsa-mir-7160,0.987369954586029,0.0
844,hsa-mir-548i-3,0.987368643283844,0.0
845,hsa-mir-4694,0.9873534440994263,0.0
846,hsa-mir-486-1,0.9873496890068054,0.0
847,hsa-mir-486-2,0.9873496890068054,0.0
848,hsa-mir-4444-1,0.9873352646827698,0.0
849,hsa-mir-4444-2,0.9873352646827698,0.0
850,hsa-mir-6784,0.9873227477073669,0.0
851,hsa-mir-3924,0.9873188138008118,0.0
852,hsa-mir-5690,0.9873126149177551,0.0
853,hsa-mir-4713,0.9872968196868896,0.0
854,hsa-mir-4463,0.9872915744781494,0.0
855,hsa-mir-3156-3,0.9872867465019226,0.0
856,hsa-mir-4310,0.9872735738754272,0.0
857,hsa-mir-3179-4,0.9872729182243347,0.0
858,hsa-mir-4486,0.9872564077377319,0.0
859,hsa-mir-298,0.9872496724128723,0.0
860,hsa-mir-4798,0.9872439503669739,0.0
861,hsa-mir-4275,0.9872341752052307,0.0
862,hsa-mir-4303,0.9872151613235474,0.0
863,hsa-mir-1255a,0.9872131943702698,0.0
864,hsa-mir-8054,0.9872130751609802,0.0
865,hsa-mir-6071,0.9872080683708191,0.0
866,hsa-mir-3973,0.9871915578842163,0.0
867,hsa-mir-8077,0.9871914386749268,0.0
868,hsa-mir-1255b-1,0.9871718287467957,0.0
869,hsa-mir-4493,0.9871635437011719,0.0
870,hsa-mir-4783,0.9871602058410645,0.0
871,hsa-mir-3920,0.987154483795166,0.0
872,hsa-mir-4527,0.9871520400047302,0.0
873,hsa-mir-4528,0.9871496558189392,0.0
874,hsa-mir-5705,0.9871495366096497,0.0
875,hsa-mir-6876,0.987144410610199,0.0
876,hsa-mir-8058,0.9871404767036438,0.0
877,hsa-mir-4287,0.987138569355011,0.0
878,hsa-mir-4506,0.9871236085891724,0.0
879,hsa-mir-3713,0.9871231317520142,0.0
880,hsa-mir-6511b-1,0.9871168732643127,0.0
881,hsa-mir-4452,0.9871124625205994,0.0
882,hsa-mir-936,0.9870789051055908,0.0
883,hsa-mir-7153,0.9870783090591431,0.0
884,hsa-mir-4659b,0.9870439171791077,0.0
885,hsa-mir-4659a,0.9870439171791077,0.0
886,hsa-mir-4272,0.9870349764823914,0.0
887,hsa-mir-6811,0.9870339632034302,0.0
888,hsa-mir-8066,0.9870316386222839,0.0
889,hsa-mir-4474,0.9870014190673828,0.0
890,hsa-mir-4456,0.9870010614395142,0.0
891,hsa-mir-4438,0.9869993329048157,0.0
892,hsa-mir-6860,0.9869988560676575,0.0
893,hsa-mir-4299,0.9869903922080994,0.0
894,hsa-mir-1322,0.9869793653488159,0.0
895,hsa-mir-7853,0.9869744777679443,0.0
896,hsa-mir-4274,0.9869676232337952,0.0
897,hsa-mir-6728,0.9869662523269653,0.0
898,hsa-mir-5188,0.9869586825370789,0.0
899,hsa-mir-4679-2,0.9869576692581177,0.0
900,hsa-mir-4679-1,0.9869576692581177,0.0
901,hsa-mir-3684,0.9869397878646851,0.0
902,hsa-mir-6850,0.9869347810745239,0.0
903,hsa-mir-4509-3,0.9869294166564941,0.0
904,hsa-mir-4509-1,0.9869294166564941,0.0
905,hsa-mir-4509-2,0.9869294166564941,0.0
906,hsa-mir-4490,0.9869281649589539,0.0
907,hsa-mir-548av,0.9869250059127808,0.0
908,hsa-mir-4300,0.9869222044944763,0.0
909,hsa-mir-1287,0.9869115352630615,0.0
910,hsa-mir-3926-1,0.9869027137756348,0.0
911,hsa-mir-548ae-1,0.986896812915802,0.0
912,hsa-mir-4804,0.9868893623352051,0.0
913,hsa-mir-7158,0.9868828654289246,0.0
914,hsa-mir-4685,0.9868738055229187,0.0
915,hsa-mir-548g,0.9868735671043396,0.0
916,hsa-mir-587,0.9868651032447815,0.0
917,hsa-mir-4258,0.9868648648262024,0.0
918,hsa-mir-8067,0.9868584871292114,0.0
919,hsa-mir-5688,0.9868541955947876,0.0
920,hsa-mir-548ap,0.9868516325950623,0.0
921,hsa-mir-4688,0.9868495464324951,0.0
922,hsa-mir-5701-1,0.9868481755256653,0.0
923,hsa-mir-5701-2,0.9868481755256653,0.0
924,hsa-mir-5701-3,0.9868481755256653,0.0
925,hsa-mir-4540,0.9868460893630981,0.0
926,hsa-mir-548f-1,0.9868404865264893,0.0
927,hsa-mir-3118-2,0.9868382811546326,0.0
928,hsa-mir-3118-3,0.9868382811546326,0.0
929,hsa-mir-3118-4,0.9868382811546326,0.0
930,hsa-mir-4451,0.986834704875946,0.0
931,hsa-mir-6795,0.9868295788764954,0.0
932,hsa-mir-4327,0.9868237972259521,0.0
933,hsa-mir-1252,0.9868202805519104,0.0
934,hsa-mir-4719,0.9868126511573792,0.0
935,hsa-mir-3606,0.9868099689483643,0.0
936,hsa-mir-4302,0.9868093729019165,0.0
937,hsa-mir-6862-2,0.9868084788322449,0.0
938,hsa-mir-6862-1,0.9868084788322449,0.0
939,hsa-mir-8068,0.9868005514144897,0.0
940,hsa-mir-4667,0.986799418926239,0.0
941,hsa-mir-4450,0.986789882183075,0.0
942,hsa-mir-3945,0.9867858290672302,0.0
943,hsa-mir-4529,0.9867803454399109,0.0
944,hsa-mir-4440,0.9867780208587646,0.0
945,hsa-mir-548ai,0.9867686629295349,0.0
946,hsa-mir-7978,0.9867636561393738,0.0
947,hsa-mir-4276,0.9867570400238037,0.0
948,hsa-mir-1193,0.9867485761642456,0.0
949,hsa-mir-924,0.9867472648620605,0.0
950,hsa-mir-6130,0.9867435693740845,0.0
951,hsa-mir-7151,0.9867428541183472,0.0
952,hsa-mir-4495,0.9867373108863831,0.0
953,hsa-mir-6068,0.9867364764213562,0.0
954,hsa-mir-548ag-1,0.9867308139801025,0.0
955,hsa-mir-3670-1,0.9867264032363892,0.0
956,hsa-mir-3670-2,0.9867264032363892,0.0
957,hsa-mir-3670-3,0.9867264032363892,0.0
958,hsa-mir-3670-4,0.9867264032363892,0.0
959,hsa-mir-3156-2,0.9867200255393982,0.0
960,hsa-mir-4311,0.9867174625396729,0.0
961,hsa-mir-617,0.9867152571678162,0.0
962,hsa-mir-4491,0.9867136478424072,0.0
963,hsa-mir-5591,0.9867085218429565,0.0
964,hsa-mir-4280,0.9867064356803894,0.0
965,hsa-mir-8057,0.9867029190063477,0.0
966,hsa-mir-4660,0.986700177192688,0.0
967,hsa-mir-4675,0.9866970181465149,0.0
968,hsa-mir-3977,0.9866952896118164,0.0
969,hsa-mir-6504,0.9866915941238403,0.0
970,hsa-mir-4802,0.9866874814033508,0.0
971,hsa-mir-3116-1,0.9866799712181091,0.0
972,hsa-mir-3116-2,0.9866799712181091,0.0
973,hsa-mir-4251,0.9866742491722107,0.0
974,hsa-mir-4514,0.9866717457771301,0.0
975,hsa-mir-548aj-1,0.9866678714752197,0.0
976,hsa-mir-2052,0.9866635799407959,0.0
977,hsa-mir-4708,0.9866630434989929,0.0
978,hsa-mir-7159,0.9866581559181213,0.0
979,hsa-mir-4699,0.9866567254066467,0.0
980,hsa-mir-5708,0.9866564273834229,0.0
981,hsa-mir-6881,0.9866511821746826,0.0
982,hsa-mir-4760,0.9866481423377991,0.0
983,hsa-mir-4531,0.9866467714309692,0.0
984,hsa-mir-1185-1,0.9866464138031006,0.0
985,hsa-mir-6072,0.9866375923156738,0.0
986,hsa-mir-4298,0.9866286516189575,0.0
987,hsa-mir-4799,0.9866268038749695,0.0
988,hsa-mir-548ah,0.9866226315498352,0.0
989,hsa-mir-4781,0.9866217970848083,0.0
990,hsa-mir-4676,0.9866197109222412,0.0
991,hsa-mir-6750,0.9866083860397339,0.0
992,hsa-mir-6511a-4,0.9866004586219788,0.0
993,hsa-mir-6511a-2,0.9866004586219788,0.0
994,hsa-mir-6511a-1,0.9866004586219788,0.0
995,hsa-mir-6771,0.9866002202033997,0.0
996,hsa-mir-1185-2,0.986596405506134,0.0
997,hsa-mir-3167,0.9865946769714355,0.0
998,hsa-mir-4475,0.9865869879722595,0.0
999,hsa-mir-5001,0.9865854978561401,0.0
1000,hsa-mir-3159,0.9865791201591492,0.0
1001,hsa-mir-7848,0.9865769147872925,0.0
1002,hsa-mir-8063,0.9865546226501465,0.0
1003,hsa-mir-3910-1,0.9865538477897644,0.0
1004,hsa-mir-7847,0.9865504503250122,0.0
1005,hsa-mir-1273c,0.9865374565124512,0.0
1006,hsa-mir-4801,0.98653644323349,0.0
1007,hsa-mir-6852,0.986517608165741,0.0
1008,hsa-mir-607,0.9865086078643799,0.0
1009,hsa-mir-4710,0.9865032434463501,0.0
1010,hsa-mir-4535,0.9865025281906128,0.0
1011,hsa-mir-6853,0.9865012764930725,0.0
1012,hsa-mir-2392,0.9864934682846069,0.0
1013,hsa-mir-6882,0.9864922165870667,0.0
1014,hsa-mir-4515,0.9864913821220398,0.0
1015,hsa-mir-548ao,0.9864906072616577,0.0
1016,hsa-mir-4425,0.986480176448822,0.0
1017,hsa-mir-6085,0.9864789843559265,0.0
1018,hsa-mir-6788,0.9864773750305176,0.0
1019,hsa-mir-6889,0.9864746928215027,0.0
1020,hsa-mir-4744,0.9864704012870789,0.0
1021,hsa-mir-4289,0.9864679574966431,0.0
1022,hsa-mir-4479,0.9864679574966431,0.0
1023,hsa-mir-8082,0.9864655137062073,0.0
1024,hsa-mir-7702,0.9864641427993774,0.0
1025,hsa-mir-4749,0.9864618182182312,0.0
1026,hsa-mir-3166,0.9864444136619568,0.0
1027,hsa-mir-3142,0.9864436388015747,0.0
1028,hsa-mir-4484,0.986443281173706,0.0
1029,hsa-mir-6128,0.9864409565925598,0.0
1030,hsa-mir-6770-3,0.9864367842674255,0.0
1031,hsa-mir-6770-2,0.9864367842674255,0.0
1032,hsa-mir-6770-1,0.9864367842674255,0.0
1033,hsa-mir-6879,0.9864349365234375,0.0
1034,hsa-mir-3692,0.9864341020584106,0.0
1035,hsa-mir-4437,0.9864270091056824,0.0
1036,hsa-mir-6721,0.986423909664154,0.0
1037,hsa-mir-4255,0.9864227175712585,0.0
1038,hsa-mir-514b,0.9864128828048706,0.0
1039,hsa-mir-548x,0.9864098429679871,0.0
1040,hsa-mir-5707,0.986409068107605,0.0
1041,hsa-mir-5582,0.9864081144332886,0.0
1042,hsa-mir-548al,0.986404299736023,0.0
1043,hsa-mir-548u,0.9864004850387573,0.0
1044,hsa-mir-6844,0.9864001274108887,0.0
1045,hsa-mir-3165,0.9863980412483215,0.0
1046,hsa-mir-6499,0.9863919019699097,0.0
1047,hsa-mir-4282,0.9863877296447754,0.0
1048,hsa-mir-5583-2,0.9863753914833069,0.0
1049,hsa-mir-6794,0.9863753914833069,0.0
1050,hsa-mir-5680,0.9863700866699219,0.0
1051,hsa-mir-6760,0.986368715763092,0.0
1052,hsa-mir-8080,0.9863641858100891,0.0
1053,hsa-mir-1283-2,0.9863597750663757,0.0
1054,hsa-mir-4320,0.9863472580909729,0.0
1055,hsa-mir-6803,0.9863393306732178,0.0
1056,hsa-mir-7855,0.9863384366035461,0.0
1057,hsa-mir-8052,0.9863355159759521,0.0
1058,hsa-mir-3129,0.9863325953483582,0.0
1059,hsa-mir-6767,0.9863312244415283,0.0
1060,hsa-mir-6765,0.986328661441803,0.0
1061,hsa-mir-6848,0.9863278865814209,0.0
1062,hsa-mir-7846,0.9863141775131226,0.0
1063,hsa-mir-4252,0.9863077998161316,0.0
1064,hsa-mir-4494,0.9863042235374451,0.0
1065,hsa-mir-6752,0.9862970113754272,0.0
1066,hsa-mir-6744,0.986296534538269,0.0
1067,hsa-mir-5584,0.9862935543060303,0.0
1068,hsa-mir-609,0.9862926006317139,0.0
1069,hsa-mir-5011,0.9862924814224243,0.0
1070,hsa-mir-4503,0.9862914681434631,0.0
1071,hsa-mir-4462,0.9862890243530273,0.0
1072,hsa-mir-3173,0.9862790107727051,0.0
1073,hsa-mir-4661,0.9862751960754395,0.0
1074,hsa-mir-5700,0.9862707853317261,0.0
1075,hsa-mir-3917,0.9862703680992126,0.0
1076,hsa-mir-7157,0.9862697720527649,0.0
1077,hsa-mir-1251,0.9862697720527649,0.0
1078,hsa-mir-5706,0.9862688183784485,0.0
1079,hsa-mir-4441,0.9862601161003113,0.0
1080,hsa-mir-7973-2,0.9862593412399292,0.0
1081,hsa-mir-4774,0.9862583875656128,0.0
1082,hsa-mir-4752,0.986236572265625,0.0
1083,hsa-mir-4645,0.9862365126609802,0.0
1084,hsa-mir-548f-3,0.9862361550331116,0.0
1085,hsa-mir-3681,0.9862322211265564,0.0
1086,hsa-mir-3690-1,0.9862305521965027,0.0
1087,hsa-mir-3690-2,0.9862305521965027,0.0
1088,hsa-mir-4681,0.9862287044525146,0.0
1089,hsa-mir-7150,0.9862263798713684,0.0
1090,hsa-mir-4742,0.9862155914306641,0.0
1091,hsa-mir-6726,0.986211895942688,0.0
1092,hsa-mir-4696,0.9862083196640015,0.0
1093,hsa-mir-4714,0.9861959218978882,0.0
1094,hsa-mir-5088,0.9861889481544495,0.0
1095,hsa-mir-6761,0.9861794114112854,0.0
1096,hsa-mir-5681a,0.986164391040802,0.0
1097,hsa-mir-4436a,0.9861559271812439,0.0
1098,hsa-mir-4264,0.9861477613449097,0.0
1099,hsa-mir-6078,0.9861471056938171,0.0
1100,hsa-mir-4670,0.9861466288566589,0.0
1101,hsa-mir-8075,0.9861435890197754,0.0
1102,hsa-mir-3141,0.9861432909965515,0.0
1103,hsa-mir-4309,0.9861413240432739,0.0
1104,hsa-mir-5571,0.9861372709274292,0.0
1105,hsa-mir-4301,0.9861267805099487,0.0
1106,hsa-mir-4778,0.9861239194869995,0.0
1107,hsa-mir-548az,0.9861190319061279,0.0
1108,hsa-mir-3115,0.9861180186271667,0.0
1109,hsa-mir-6074,0.9861170649528503,0.0
1110,hsa-mir-4253,0.9861125349998474,0.0
1111,hsa-mir-6729,0.9861084818840027,0.0
1112,hsa-mir-3199-1,0.9861084818840027,0.0
1113,hsa-mir-3199-2,0.9861084818840027,0.0
1114,hsa-mir-5703,0.9861074686050415,0.0
1115,hsa-mir-7973-1,0.9860951900482178,0.0
1116,hsa-mir-8089,0.9860919117927551,0.0
1117,hsa-mir-4511,0.9860857725143433,0.0
1118,hsa-mir-4307,0.9860836863517761,0.0
1119,hsa-mir-4673,0.986075222492218,0.0
1120,hsa-mir-548e,0.98607337474823,0.0
1121,hsa-mir-6801,0.9860724210739136,0.0
1122,hsa-mir-6076,0.9860607385635376,0.0
1123,hsa-mir-8062,0.9860593676567078,0.0
1124,hsa-mir-4674,0.9860537648200989,0.0
1125,hsa-mir-6718,0.9860512018203735,0.0
1126,hsa-mir-3612,0.9860504269599915,0.0
1127,hsa-mir-4430,0.9860472679138184,0.0
1128,hsa-mir-5196,0.9860449433326721,0.0
1129,hsa-mir-7856,0.9860422015190125,0.0
1130,hsa-mir-4684,0.9860368371009827,0.0
1131,hsa-mir-548au,0.9860288500785828,0.0
1132,hsa-mir-6804,0.986025869846344,0.0
1133,hsa-mir-5698,0.986025869846344,0.0
1134,hsa-mir-4418,0.9860219359397888,0.0
1135,hsa-mir-7975,0.9860209822654724,0.0
1136,hsa-mir-3922,0.9860186576843262,0.0
1137,hsa-mir-4442,0.9860150814056396,0.0
1138,hsa-mir-4777,0.9860150814056396,0.0
1139,hsa-mir-4472-2,0.9860140085220337,0.0
1140,hsa-mir-3136,0.9860134720802307,0.0
1141,hsa-mir-891b,0.9860109090805054,0.0
1142,hsa-mir-4308,0.9860089421272278,0.0
1143,hsa-mir-4432,0.9860073328018188,0.0
1144,hsa-mir-4772,0.9859931468963623,0.0
1145,hsa-mir-6786,0.9859927296638489,0.0
1146,hsa-mir-6127,0.9859910607337952,0.0
1147,hsa-mir-4283-2,0.9859902858734131,0.0
1148,hsa-mir-4283-1,0.9859902858734131,0.0
1149,hsa-mir-4428,0.9859895706176758,0.0
1150,hsa-mir-4439,0.9859886169433594,0.0
1151,hsa-mir-7162,0.9859848022460938,0.0
1152,hsa-mir-3908,0.9859830737113953,0.0
1153,hsa-mir-548ak,0.9859812259674072,0.0
1154,hsa-mir-6846,0.9859796166419983,0.0
1155,hsa-mir-5585,0.9859752058982849,0.0
1156,hsa-mir-8086,0.9859739542007446,0.0
1157,hsa-mir-4304,0.9859684705734253,0.0
1158,hsa-mir-3659,0.9859678149223328,0.0
1159,hsa-mir-6070,0.9859614372253418,0.0
1160,hsa-mir-4695,0.985959529876709,0.0
1161,hsa-mir-4422,0.9859557151794434,0.0
1162,hsa-mir-7155,0.9859504103660583,0.0
1163,hsa-mir-6854,0.9859474897384644,0.0
1164,hsa-mir-6736,0.9859470129013062,0.0
1165,hsa-mir-4715,0.985942542552948,0.0
1166,hsa-mir-3975,0.9859393835067749,0.0
1167,hsa-mir-4460,0.9859380125999451,0.0
1168,hsa-mir-3132,0.9859323501586914,0.0
1169,hsa-mir-6796,0.9859263896942139,0.0
1170,hsa-mir-4632,0.9859243035316467,0.0
1171,hsa-mir-4662b,0.9859238862991333,0.0
1172,hsa-mir-4762,0.9859225749969482,0.0
1173,hsa-mir-6515,0.9859222173690796,0.0
1174,hsa-mir-3118-1,0.9859203696250916,0.0
1175,hsa-mir-6820,0.9859188795089722,0.0
1176,hsa-mir-3938,0.9859171509742737,0.0
1177,hsa-mir-7108,0.985910177230835,0.0
1178,hsa-mir-6088,0.9859083294868469,0.0
1179,hsa-mir-548ab,0.985905110836029,0.0
1180,hsa-mir-4328,0.985903799533844,0.0
1181,hsa-mir-6781,0.985901951789856,0.0
1182,hsa-mir-5194,0.9859004616737366,0.0
1183,hsa-mir-6134,0.9858967661857605,0.0
1184,hsa-mir-4794,0.985895574092865,0.0
1185,hsa-mir-4483,0.9858947992324829,0.0
1186,hsa-mir-4641,0.9858856201171875,0.0
1187,hsa-mir-3667,0.9858837723731995,0.0
1188,hsa-mir-1972-2,0.9858793616294861,0.0
1189,hsa-mir-570,0.985874593257904,1.0
1190,hsa-mir-548s,0.9858744144439697,0.0
1191,hsa-mir-6089-2,0.9858741760253906,0.0
1192,hsa-mir-6089-1,0.9858741760253906,0.0
1193,hsa-mir-4481,0.9858728647232056,0.0
1194,hsa-mir-4445,0.9858662486076355,0.0
1195,hsa-mir-5687,0.9858590960502625,0.0
1196,hsa-mir-3180-5,0.9858529567718506,0.0
1197,hsa-mir-3927,0.985844612121582,0.0
1198,hsa-mir-6792,0.9858438968658447,0.0
1199,hsa-mir-3921,0.9858403205871582,0.0
1200,hsa-mir-4472-1,0.985839307308197,0.0
1201,hsa-mir-890,0.985836386680603,0.0
1202,hsa-mir-4771-2,0.9858346581459045,0.0
1203,hsa-mir-548f-5,0.9858337044715881,0.0
1204,hsa-mir-4698,0.9858314990997314,0.0
1205,hsa-mir-6798,0.9858303666114807,0.0
1206,hsa-mir-6790,0.9858288764953613,0.0
1207,hsa-mir-3193,0.9858176112174988,0.0
1208,hsa-mir-8060,0.9858099818229675,0.0
1209,hsa-mir-3668,0.985808253288269,0.0
1210,hsa-mir-6892,0.9858075380325317,0.0
1211,hsa-mir-3183,0.9858028888702393,0.0
1212,hsa-mir-759,0.9857926964759827,0.0
1213,hsa-mir-5008,0.9857895970344543,0.0
1214,hsa-mir-4747,0.9857845902442932,0.0
1215,hsa-mir-6815,0.9857825040817261,0.0
1216,hsa-mir-5197,0.9857821464538574,0.0
1217,hsa-mir-5091,0.9857800602912903,0.0
1218,hsa-mir-6806,0.9857783317565918,0.0
1219,hsa-mir-4689,0.9857778549194336,0.0
1220,hsa-mir-8083,0.9857725501060486,0.0
1221,hsa-mir-6885,0.9857640862464905,0.0
1222,hsa-mir-5590,0.9857543706893921,0.0
1223,hsa-mir-6802,0.9857401251792908,0.0
1224,hsa-mir-6839,0.9857397675514221,0.0
1225,hsa-mir-3666,0.9857364296913147,0.0
1226,hsa-mir-3940,0.9857359528541565,0.0
1227,hsa-mir-3649,0.9857300519943237,0.0
1228,hsa-mir-6893,0.9857255220413208,0.0
1229,hsa-mir-5190,0.9857220649719238,0.0
1230,hsa-mir-5697,0.9857195019721985,0.0
1231,hsa-mir-4433b,0.9857138395309448,0.0
1232,hsa-mir-8056,0.9857128858566284,0.0
1233,hsa-mir-4655,0.9857101440429688,0.0
1234,hsa-mir-5580,0.9857094287872314,0.0
1235,hsa-mir-548w,0.9857058525085449,0.0
1236,hsa-mir-4761,0.9857034087181091,0.0
1237,hsa-mir-6738,0.9857023358345032,0.0
1238,hsa-mir-3135b,0.9857016801834106,0.0
1239,hsa-mir-8059,0.9856992363929749,0.0
1240,hsa-mir-6508,0.9856967926025391,0.0
1241,hsa-mir-6817,0.985693097114563,0.0
1242,hsa-mir-3156-1,0.9856879711151123,0.0
1243,hsa-mir-548h-2,0.9856823086738586,0.0
1244,hsa-mir-4431,0.9856743216514587,0.0
1245,hsa-mir-1208,0.9856740832328796,0.0
1246,hsa-mir-3913-1,0.9856697916984558,0.0
1247,hsa-mir-3913-2,0.9856697916984558,0.0
1248,hsa-mir-1200,0.9856696724891663,0.0
1249,hsa-mir-548f-4,0.9856677055358887,0.0
1250,hsa-mir-4735,0.9856660962104797,0.0
1251,hsa-mir-563,0.9856637716293335,0.0
1252,hsa-mir-3621,0.9856618046760559,0.0
1253,hsa-mir-3974,0.9856593608856201,0.0
1254,hsa-mir-8061,0.9856575131416321,0.0
1255,hsa-mir-6737,0.9856572151184082,0.0
1256,hsa-mir-3128,0.9856514930725098,0.0
1257,hsa-mir-1255b-2,0.9856507182121277,0.0
1258,hsa-mir-649,0.9856469035148621,0.0
1259,hsa-mir-4718,0.985643744468689,0.0
1260,hsa-mir-4711,0.9856330752372742,0.0
1261,hsa-mir-4270,0.985626757144928,0.0
1262,hsa-mir-653,0.9856171011924744,0.0
1263,hsa-mir-6856,0.9856158494949341,0.0
1264,hsa-mir-4434,0.9856099486351013,0.0
1265,hsa-mir-1273h,0.9856097102165222,0.0
1266,hsa-mir-6819,0.9855982661247253,0.0
1267,hsa-mir-6069,0.9855974316596985,0.0
1268,hsa-mir-3180-4,0.9855967164039612,0.0
1269,hsa-mir-5694,0.9855914115905762,0.0
1270,hsa-mir-4759,0.9855853915214539,0.0
1271,hsa-mir-6133,0.9855794906616211,0.0
1272,hsa-mir-4779,0.9855747222900391,0.0
1273,hsa-mir-1265,0.9855735898017883,0.0
1274,hsa-mir-1286,0.9855709075927734,0.0
1275,hsa-mir-6877,0.9855688214302063,0.0
1276,hsa-mir-4765,0.9855680465698242,0.0
1277,hsa-mir-3680-2,0.9855603575706482,0.0
1278,hsa-mir-4650-2,0.9855586290359497,0.0
1279,hsa-mir-4650-1,0.9855586290359497,0.0
1280,hsa-mir-4658,0.98555588722229,0.0
1281,hsa-mir-6825,0.9855533242225647,0.0
1282,hsa-mir-6816,0.9855453372001648,0.0
1283,hsa-mir-4654,0.9855450987815857,0.0
1284,hsa-mir-4682,0.9855400919914246,0.0
1285,hsa-mir-4259,0.9855358600616455,0.0
1286,hsa-mir-3605,0.9855319857597351,0.0
1287,hsa-mir-4642,0.9855188131332397,0.0
1288,hsa-mir-1537,0.9855186939239502,0.0
1289,hsa-mir-1912,0.9855037331581116,0.0
1290,hsa-mir-6086,0.9854957461357117,0.0
1291,hsa-mir-219a-1,0.9854828119277954,0.0
1292,hsa-mir-548as,0.9854797720909119,0.0
1293,hsa-mir-3944,0.9854781627655029,0.0
1294,hsa-mir-3146,0.9854639172554016,0.0
1295,hsa-mir-8065,0.9854583740234375,0.0
1296,hsa-mir-6779,0.9854572415351868,0.0
1297,hsa-mir-4427,0.9854561686515808,0.0
1298,hsa-mir-3155a,0.9854334592819214,0.0
1299,hsa-mir-4726,0.9854328036308289,0.0
1300,hsa-mir-4672,0.9854314923286438,0.0
1301,hsa-mir-6500,0.9854288697242737,0.0
1302,hsa-mir-5003,0.98541659116745,0.0
1303,hsa-mir-6868,0.9854161143302917,0.0
1304,hsa-mir-3678,0.9854121804237366,0.0
1305,hsa-mir-1289-2,0.9854119420051575,0.0
1306,hsa-mir-3123,0.9854077696800232,0.0
1307,hsa-mir-1277,0.985406756401062,0.0
1308,hsa-mir-1911,0.9854059219360352,0.0
1309,hsa-mir-920,0.9853999018669128,0.0
1310,hsa-mir-3197,0.9853992462158203,0.0
1311,hsa-mir-6874,0.9853951930999756,0.0
1312,hsa-mir-3912,0.9853890538215637,0.0
1313,hsa-mir-921,0.9853888154029846,0.0
1314,hsa-mir-1321,0.9853702783584595,0.0
1315,hsa-mir-6782,0.9853583574295044,0.0
1316,hsa-mir-3675,0.9853552579879761,0.0
1317,hsa-mir-4316,0.9853535890579224,0.0
1318,hsa-mir-4265,0.985352098941803,0.0
1319,hsa-mir-548h-3,0.9853318333625793,0.0
1320,hsa-mir-5589,0.9853245615959167,0.0
1321,hsa-mir-5007,0.9853211045265198,0.0
1322,hsa-mir-6165,0.9853194952011108,0.0
1323,hsa-mir-3919,0.9853103160858154,0.0
1324,hsa-mir-1244-2,0.9853099584579468,0.0
1325,hsa-mir-1244-1,0.9853099584579468,0.0
1326,hsa-mir-892c,0.9853050112724304,0.0
1327,hsa-mir-5002,0.9852863550186157,0.0
1328,hsa-mir-4748,0.9852843880653381,0.0
1329,hsa-mir-548x-2,0.9852750301361084,0.0
1330,hsa-mir-4757,0.9852688908576965,0.0
1331,hsa-mir-8078,0.9852628707885742,0.0
1332,hsa-mir-6081,0.9852609038352966,0.0
1333,hsa-mir-6077,0.9852457642555237,0.0
1334,hsa-mir-548i-4,0.9852398633956909,0.0
1335,hsa-mir-4525,0.9852305054664612,0.0
1336,hsa-mir-6512,0.9852199554443359,0.0
1337,hsa-mir-4705,0.9852168560028076,0.0
1338,hsa-mir-548k,0.985211968421936,0.0
1339,hsa-mir-6503,0.9852102398872375,0.0
1340,hsa-mir-6793,0.9852014183998108,0.0
1341,hsa-mir-5692c-1,0.9851993322372437,0.0
1342,hsa-mir-6780a,0.9851909279823303,0.0
1343,hsa-mir-4314,0.9851788878440857,0.0
1344,hsa-mir-3672,0.9851735830307007,0.0
1345,hsa-mir-6813,0.9851707816123962,0.0
1346,hsa-mir-5699,0.9851625561714172,0.0
1347,hsa-mir-4424,0.9851574897766113,0.0
1348,hsa-mir-6783,0.9851560592651367,0.0
1349,hsa-mir-6769b,0.9851507544517517,0.0
1350,hsa-mir-6740,0.9851475358009338,0.0
1351,hsa-mir-2681,0.9851410388946533,0.0
1352,hsa-mir-5682,0.9851270318031311,0.0
1353,hsa-mir-4277,0.9851212501525879,0.0
1354,hsa-mir-548am,0.9851211309432983,0.0
1355,hsa-mir-4797,0.9851159453392029,0.0
1356,hsa-mir-6768,0.9851011037826538,0.0
1357,hsa-mir-3135a,0.9850870370864868,0.0
1358,hsa-mir-4733,0.9850764870643616,0.0
1359,hsa-mir-3164,0.9850744009017944,0.0
1360,hsa-mir-4790,0.9850495457649231,0.0
1361,hsa-mir-4421,0.985024094581604,0.0
1362,hsa-mir-4677,0.9850207567214966,0.0
1363,hsa-mir-4796,0.9850125312805176,0.0
1364,hsa-mir-8088,0.9849921464920044,0.0
1365,hsa-mir-5787,0.9849919676780701,0.0
1366,hsa-mir-4443,0.9849851131439209,0.0
1367,hsa-mir-7976,0.9849821329116821,0.0
1368,hsa-mir-4330,0.9849795699119568,0.0
1369,hsa-mir-1268b,0.9849708676338196,0.0
1370,hsa-mir-548m,0.984970211982727,0.0
1371,hsa-mir-205,0.9849627017974854,1.0
1372,hsa-mir-5692c-2,0.9849495887756348,0.0
1373,hsa-mir-6823,0.98493492603302,0.0
1374,hsa-mir-5092,0.9849087595939636,0.0
1375,hsa-mir-5186,0.9849066138267517,0.0
1376,hsa-mir-580,0.9848986268043518,0.0
1377,hsa-mir-3202-1,0.984891414642334,0.0
1378,hsa-mir-3202-2,0.984891414642334,0.0
1379,hsa-mir-4729,0.9848892688751221,0.0
1380,hsa-mir-3978,0.9848884344100952,0.0
1381,hsa-mir-4755,0.9848318696022034,0.0
1382,hsa-mir-1203,0.9848245978355408,0.0
1383,hsa-mir-2115,0.984821617603302,0.0
1384,hsa-mir-6719,0.9848198890686035,0.0
1385,hsa-mir-4633,0.9848184585571289,0.0
1386,hsa-mir-941-5,0.9848020672798157,0.0
1387,hsa-mir-548i-1,0.984791100025177,0.0
1388,hsa-mir-7977,0.9847857356071472,0.0
1389,hsa-mir-4297,0.9847724437713623,0.0
1390,hsa-mir-4522,0.9847709536552429,0.0
1391,hsa-mir-4789,0.9847604632377625,0.0
1392,hsa-mir-4285,0.9847598671913147,0.0
1393,hsa-mir-2114,0.9847575426101685,0.0
1394,hsa-mir-6739,0.98471999168396,0.0
1395,hsa-mir-3937,0.9847176671028137,0.0
1396,hsa-mir-4325,0.9847143292427063,0.0
1397,hsa-mir-6828,0.9846765398979187,0.0
1398,hsa-mir-4524b,0.984670877456665,0.0
1399,hsa-mir-1263,0.9846707582473755,0.0
1400,hsa-mir-548at,0.9846522808074951,0.0
1401,hsa-mir-4457,0.9846481084823608,0.0
1402,hsa-mir-4305,0.9846277236938477,0.0
1403,hsa-mir-6822,0.9845897555351257,0.0
1404,hsa-mir-3683,0.9845860600471497,0.0
1405,hsa-mir-548ay,0.9845814108848572,0.0
1406,hsa-mir-6871,0.9845759868621826,0.0
1407,hsa-mir-4278,0.9845690727233887,0.0
1408,hsa-mir-1267,0.9845660328865051,0.0
1409,hsa-mir-4636,0.9845196008682251,0.0
1410,hsa-mir-1289-1,0.9845192432403564,0.0
1411,hsa-mir-4704,0.9844555854797363,0.0
1412,hsa-mir-6829,0.9844359159469604,0.0
1413,hsa-mir-4734,0.9844356775283813,0.0
1414,hsa-mir-4499,0.9844244718551636,0.0
1415,hsa-mir-3617,0.984373927116394,0.0
1416,hsa-mir-4791,0.9843271374702454,0.0
1417,hsa-mir-6131,0.984310507774353,0.0
1418,hsa-mir-6129,0.9842818379402161,0.0
1419,hsa-mir-3616,0.9842696189880371,0.0
1420,hsa-mir-6857,0.9842637181282043,0.0
1421,hsa-mir-8064,0.9842516183853149,0.0
1422,hsa-mir-4756,0.9842422604560852,0.0
1423,hsa-mir-3609,0.9842235445976257,0.0
1424,hsa-mir-3168,0.9841973185539246,0.0
1425,hsa-mir-548aj-2,0.9841782450675964,0.0
1426,hsa-mir-5089,0.9841105937957764,0.0
1427,hsa-mir-5704,0.9840567111968994,0.0
1428,hsa-mir-4533,0.9840238094329834,0.0
1429,hsa-mir-8073,0.9839895367622375,0.0
1430,hsa-mir-7156,0.9839776158332825,0.0
1431,hsa-mir-6814,0.9839725494384766,0.0
1432,hsa-mir-3194,0.9839725494384766,0.0
1433,hsa-mir-5094,0.9839561581611633,0.0
1434,hsa-mir-3160-1,0.9838977456092834,0.0
1435,hsa-mir-3160-2,0.9838977456092834,0.0
1436,hsa-mir-4263,0.9838676452636719,0.0
1437,hsa-mir-548ag-2,0.9838513731956482,0.0
1438,hsa-mir-6812,0.9837304353713989,0.0
1439,hsa-mir-4999,0.9836681485176086,0.0
1440,hsa-mir-5588,0.9836455583572388,0.0
1441,hsa-mir-5583-1,0.983148455619812,0.0
1442,hsa-mir-3914-2,0.983130931854248,0.0
1443,hsa-mir-3914-1,0.983130931854248,0.0
1444,hsa-mir-3153,0.9828753471374512,0.0
1445,hsa-mir-6722,0.9826253652572632,0.0
1446,hsa-mir-6835,0.9821033477783203,0.0
1447,hsa-mir-6797,0.9813862442970276,0.0
1448,hsa-mir-5587,0.9809457659721375,0.0
1449,hsa-mir-4477b,0.9808438420295715,0.0
1450,hsa-mir-4477a,0.9808438420295715,0.0
1451,hsa-mir-3942,0.9805241823196411,0.0
1452,hsa-mir-6510,0.9800649285316467,0.0
1453,hsa-mir-6730,0.9791908860206604,0.0
1454,hsa-mir-1270,0.9786230325698853,0.0
1455,hsa-mir-7111,0.9769888520240784,0.0
1456,hsa-mir-4653,0.9761438369750977,0.0
1457,hsa-mir-4292,0.9740092754364014,0.0
